id,outcome,age,capital-gain,capital-loss,education,educational-num,fnlwgt,gender,hours-per-week,marital-status,native-country,occupation,race,relationship,workclass
0,0,39,0,0,11,9,327120,1,40,2,31,2,4,0,5
1,0,39,0,0,11,9,327120,1,40,2,31,2,4,0,5
2,0,39,0,0,11,9,327120,1,40,2,31,2,4,0,5
3,0,39,0,0,11,9,327120,1,40,2,31,2,4,0,5
4,0,39,0,0,11,9,327120,1,40,2,31,2,4,0,5
5,1,32,0,0,7,12,123253,1,42,2,38,2,4,0,3
6,0,39,0,0,11,9,327120,1,40,2,31,2,4,0,5
7,0,39,0,0,11,9,327120,1,40,2,31,2,4,0,5
8,0,39,0,0,11,9,327120,1,40,2,31,2,4,0,5
9,0,39,0,0,11,9,327120,1,40,2,31,2,4,0,5
10,0,39,0,0,11,9,327120,1,40,2,31,2,4,0,5
11,0,39,0,0,11,9,327120,1,40,2,31,2,4,0,5
12,0,39,0,0,11,9,327120,1,40,2,31,2,4,0,5
13,0,39,0,0,11,9,327120,1,40,2,31,2,4,0,5
14,1,32,0,0,7,12,123253,1,42,2,38,2,4,0,3
15,0,39,0,0,11,9,327120,1,40,2,31,2,4,0,5
16,0,39,0,0,11,9,327120,1,40,2,31,2,4,0,5
17,0,39,0,0,11,9,327120,1,40,2,31,2,4,0,5
18,1,32,0,0,7,12,123253,1,42,2,38,2,4,0,3
19,1,32,0,0,7,12,123253,1,42,2,38,2,4,0,3
20,0,39,0,0,11,9,327120,1,40,2,31,2,4,0,5
21,0,39,0,0,11,9,327120,1,40,2,31,2,4,0,5
22,0,39,0,0,11,9,327120,1,40,2,31,2,4,0,5
23,1,32,0,0,7,12,123253,1,42,2,38,2,4,0,3
24,0,39,0,0,11,9,327120,1,40,2,31,2,4,0,5
25,0,39,0,0,11,9,327120,1,40,2,31,2,4,0,5
26,0,39,0,0,11,9,327120,1,40,2,31,2,4,0,5
27,0,39,0,0,11,9,327120,1,40,2,31,2,4,0,5
28,0,39,0,0,11,9,327120,1,40,2,31,2,4,0,5
29,1,32,0,0,7,12,123253,1,42,2,38,2,4,0,3
30,0,39,0,0,11,9,327120,1,40,2,31,2,4,0,5
31,1,32,0,0,7,12,123253,1,42,2,38,2,4,0,3
32,0,39,0,0,11,9,327120,1,40,2,31,2,4,0,5
33,0,39,0,0,11,9,327120,1,40,2,31,2,4,0,5
34,0,39,0,0,11,9,327120,1,40,2,31,2,4,0,5
35,0,39,0,0,11,9,327120,1,40,2,31,2,4,0,5
36,0,39,0,0,11,9,327120,1,40,2,31,2,4,0,5
37,0,39,0,0,11,9,327120,1,40,2,31,2,4,0,5
38,1,32,0,0,7,12,123253,1,42,2,38,2,4,0,3
39,0,39,0,0,11,9,327120,1,40,2,31,2,4,0,5
40,1,32,0,0,7,12,123253,1,42,2,38,2,4,0,3
41,0,39,0,0,11,9,327120,1,40,2,31,2,4,0,5
42,1,32,0,0,7,12,123253,1,42,2,38,2,4,0,3
43,0,39,0,0,11,9,327120,1,40,2,31,2,4,0,5
44,1,32,0,0,7,12,123253,1,42,2,38,2,4,0,3
45,0,39,0,0,11,9,327120,1,40,2,31,2,4,0,5
46,0,39,0,0,11,9,327120,1,40,2,31,2,4,0,5
47,0,39,0,0,11,9,327120,1,40,2,31,2,4,0,5
48,0,39,0,0,11,9,327120,1,40,2,31,2,4,0,5
49,1,32,0,0,7,12,123253,1,42,2,38,2,4,0,3
50,0,39,0,0,11,9,327120,1,40,2,31,2,4,0,5
51,1,32,0,0,7,12,123253,1,42,2,38,2,4,0,3
52,1,32,0,0,7,12,123253,1,42,2,38,2,4,0,3
53,0,39,0,0,11,9,327120,1,40,2,31,2,4,0,5
54,1,32,0,0,7,12,123253,1,42,2,38,2,4,0,3
55,0,39,0,0,11,9,327120,1,40,2,31,2,4,0,5
56,0,39,0,0,11,9,327120,1,40,2,31,2,4,0,5
57,0,39,0,0,11,9,327120,1,40,2,31,2,4,0,5
58,0,39,0,0,11,9,327120,1,40,2,31,2,4,0,5
59,0,39,0,0,11,9,327120,1,40,2,31,2,4,0,5
60,0,39,0,0,11,9,327120,1,40,2,31,2,4,0,5
61,0,39,0,0,11,9,327120,1,40,2,31,2,4,0,5
62,0,39,0,0,11,9,327120,1,40,2,31,2,4,0,5
63,1,32,0,0,7,12,123253,1,42,2,38,2,4,0,3
64,0,39,0,0,11,9,327120,1,40,2,31,2,4,0,5
65,0,39,0,0,11,9,327120,1,40,2,31,2,4,0,5
66,0,39,0,0,11,9,327120,1,40,2,31,2,4,0,5
67,0,39,0,0,11,9,327120,1,40,2,31,2,4,0,5
68,0,39,0,0,11,9,327120,1,40,2,31,2,4,0,5
69,0,39,0,0,11,9,327120,1,40,2,31,2,4,0,5
70,0,39,0,0,11,9,327120,1,40,2,31,2,4,0,5
71,0,39,0,0,11,9,327120,1,40,2,31,2,4,0,5
72,0,39,0,0,11,9,327120,1,40,2,31,2,4,0,5
73,0,39,0,0,11,9,327120,1,40,2,31,2,4,0,5
74,0,39,0,0,11,9,327120,1,40,2,31,2,4,0,5
75,0,39,0,0,11,9,327120,1,40,2,31,2,4,0,5
76,0,39,0,0,11,9,327120,1,40,2,31,2,4,0,5
77,0,39,0,0,11,9,327120,1,40,2,31,2,4,0,5
78,0,39,0,0,11,9,327120,1,40,2,31,2,4,0,5
79,0,39,0,0,11,9,327120,1,40,2,31,2,4,0,5
80,0,39,0,0,11,9,327120,1,40,2,31,2,4,0,5
81,0,39,0,0,11,9,327120,1,40,2,31,2,4,0,5
82,0,39,0,0,11,9,327120,1,40,2,31,2,4,0,5
83,1,32,0,0,7,12,123253,1,42,2,38,2,4,0,3
84,0,39,0,0,11,9,327120,1,40,2,31,2,4,0,5
85,1,32,0,0,7,12,123253,1,42,2,38,2,4,0,3
86,0,39,0,0,11,9,327120,1,40,2,31,2,4,0,5
87,1,32,0,0,7,12,123253,1,42,2,38,2,4,0,3
88,0,39,0,0,11,9,327120,1,40,2,31,2,4,0,5
89,0,39,0,0,11,9,327120,1,40,2,31,2,4,0,5
90,1,32,0,0,7,12,123253,1,42,2,38,2,4,0,3
91,0,39,0,0,11,9,327120,1,40,2,31,2,4,0,5
92,0,39,0,0,11,9,327120,1,40,2,31,2,4,0,5
93,0,39,0,0,11,9,327120,1,40,2,31,2,4,0,5
94,0,39,0,0,11,9,327120,1,40,2,31,2,4,0,5
95,0,39,0,0,11,9,327120,1,40,2,31,2,4,0,5
96,1,32,0,0,7,12,123253,1,42,2,38,2,4,0,3
97,0,39,0,0,11,9,327120,1,40,2,31,2,4,0,5
98,1,32,0,0,7,12,123253,1,42,2,38,2,4,0,3
99,1,32,0,0,7,12,123253,1,42,2,38,2,4,0,3
100,1,32,0,0,7,12,123253,1,42,2,38,2,4,0,3
101,0,39,0,0,11,9,327120,1,40,2,31,2,4,0,5
102,0,39,0,0,11,9,327120,1,40,2,31,2,4,0,5
103,0,39,0,0,11,9,327120,1,40,2,31,2,4,0,5
104,0,39,0,0,11,9,327120,1,40,2,31,2,4,0,5
105,0,39,0,0,11,9,327120,1,40,2,31,2,4,0,5
106,0,39,0,0,11,9,327120,1,40,2,31,2,4,0,5
107,0,39,0,0,11,9,327120,1,40,2,31,2,4,0,5
108,0,39,0,0,11,9,327120,1,40,2,31,2,4,0,5
109,0,39,0,0,11,9,327120,1,40,2,31,2,4,0,5
110,0,39,0,0,11,9,327120,1,40,2,31,2,4,0,5
111,0,39,0,0,11,9,327120,1,40,2,31,2,4,0,5
112,1,32,0,0,7,12,123253,1,42,2,38,2,4,0,3
113,0,39,0,0,11,9,327120,1,40,2,31,2,4,0,5
114,0,39,0,0,11,9,327120,1,40,2,31,2,4,0,5
115,1,32,0,0,7,12,123253,1,42,2,38,2,4,0,3
116,0,39,0,0,11,9,327120,1,40,2,31,2,4,0,5
117,1,32,0,0,7,12,123253,1,42,2,38,2,4,0,3
118,1,32,0,0,7,12,123253,1,42,2,38,2,4,0,3
119,1,32,0,0,7,12,123253,1,42,2,38,2,4,0,3
120,0,39,0,0,11,9,327120,1,40,2,31,2,4,0,5
121,0,39,0,0,11,9,327120,1,40,2,31,2,4,0,5
122,0,39,0,0,11,9,327120,1,40,2,31,2,4,0,5
123,0,39,0,0,11,9,327120,1,40,2,31,2,4,0,5
124,0,39,0,0,11,9,327120,1,40,2,31,2,4,0,5
125,0,39,0,0,11,9,327120,1,40,2,31,2,4,0,5
126,1,32,0,0,7,12,123253,1,42,2,38,2,4,0,3
127,0,39,0,0,11,9,327120,1,40,2,31,2,4,0,5
128,0,39,0,0,11,9,327120,1,40,2,31,2,4,0,5
129,0,39,0,0,11,9,327120,1,40,2,31,2,4,0,5
130,0,39,0,0,11,9,327120,1,40,2,31,2,4,0,5
131,0,39,0,0,11,9,327120,1,40,2,31,2,4,0,5
132,0,39,0,0,11,9,327120,1,40,2,31,2,4,0,5
133,0,39,0,0,11,9,327120,1,40,2,31,2,4,0,5
134,0,39,0,0,11,9,327120,1,40,2,31,2,4,0,5
135,0,39,0,0,11,9,327120,1,40,2,31,2,4,0,5
136,0,39,0,0,11,9,327120,1,40,2,31,2,4,0,5
137,0,39,0,0,11,9,327120,1,40,2,31,2,4,0,5
138,0,39,0,0,11,9,327120,1,40,2,31,2,4,0,5
139,1,32,0,0,7,12,123253,1,42,2,38,2,4,0,3
140,1,32,0,0,7,12,123253,1,42,2,38,2,4,0,3
141,1,32,0,0,7,12,123253,1,42,2,38,2,4,0,3
142,0,39,0,0,11,9,327120,1,40,2,31,2,4,0,5
143,0,39,0,0,11,9,327120,1,40,2,31,2,4,0,5
144,0,39,0,0,11,9,327120,1,40,2,31,2,4,0,5
145,1,32,0,0,7,12,123253,1,42,2,38,2,4,0,3
146,0,39,0,0,11,9,327120,1,40,2,31,2,4,0,5
147,0,39,0,0,11,9,327120,1,40,2,31,2,4,0,5
148,0,39,0,0,11,9,327120,1,40,2,31,2,4,0,5
149,0,39,0,0,11,9,327120,1,40,2,31,2,4,0,5
150,1,32,0,0,7,12,123253,1,42,2,38,2,4,0,3
151,1,32,0,0,7,12,123253,1,42,2,38,2,4,0,3
152,1,32,0,0,7,12,123253,1,42,2,38,2,4,0,3
153,0,39,0,0,11,9,327120,1,40,2,31,2,4,0,5
154,0,39,0,0,11,9,327120,1,40,2,31,2,4,0,5
155,0,39,0,0,11,9,327120,1,40,2,31,2,4,0,5
156,0,39,0,0,11,9,327120,1,40,2,31,2,4,0,5
157,0,39,0,0,11,9,327120,1,40,2,31,2,4,0,5
158,1,32,0,0,7,12,123253,1,42,2,38,2,4,0,3
159,0,39,0,0,11,9,327120,1,40,2,31,2,4,0,5
160,0,39,0,0,11,9,327120,1,40,2,31,2,4,0,5
161,0,39,0,0,11,9,327120,1,40,2,31,2,4,0,5
162,0,39,0,0,11,9,327120,1,40,2,31,2,4,0,5
163,0,39,0,0,11,9,327120,1,40,2,31,2,4,0,5
164,0,39,0,0,11,9,327120,1,40,2,31,2,4,0,5
165,1,32,0,0,7,12,123253,1,42,2,38,2,4,0,3
166,0,39,0,0,11,9,327120,1,40,2,31,2,4,0,5
167,0,39,0,0,11,9,327120,1,40,2,31,2,4,0,5
168,0,39,0,0,11,9,327120,1,40,2,31,2,4,0,5
169,0,39,0,0,11,9,327120,1,40,2,31,2,4,0,5
170,0,39,0,0,11,9,327120,1,40,2,31,2,4,0,5
171,1,32,0,0,7,12,123253,1,42,2,38,2,4,0,3
172,0,39,0,0,11,9,327120,1,40,2,31,2,4,0,5
173,0,39,0,0,11,9,327120,1,40,2,31,2,4,0,5
174,0,39,0,0,11,9,327120,1,40,2,31,2,4,0,5
175,1,32,0,0,7,12,123253,1,42,2,38,2,4,0,3
176,0,39,0,0,11,9,327120,1,40,2,31,2,4,0,5
177,0,39,0,0,11,9,327120,1,40,2,31,2,4,0,5
178,0,39,0,0,11,9,327120,1,40,2,31,2,4,0,5
179,0,39,0,0,11,9,327120,1,40,2,31,2,4,0,5
180,0,39,0,0,11,9,327120,1,40,2,31,2,4,0,5
181,0,39,0,0,11,9,327120,1,40,2,31,2,4,0,5
182,0,39,0,0,11,9,327120,1,40,2,31,2,4,0,5
183,1,32,0,0,7,12,123253,1,42,2,38,2,4,0,3
184,0,39,0,0,11,9,327120,1,40,2,31,2,4,0,5
185,0,39,0,0,11,9,327120,1,40,2,31,2,4,0,5
186,0,39,0,0,11,9,327120,1,40,2,31,2,4,0,5
187,0,39,0,0,11,9,327120,1,40,2,31,2,4,0,5
188,0,39,0,0,11,9,327120,1,40,2,31,2,4,0,5
189,0,39,0,0,11,9,327120,1,40,2,31,2,4,0,5
190,0,39,0,0,11,9,327120,1,40,2,31,2,4,0,5
191,0,39,0,0,11,9,327120,1,40,2,31,2,4,0,5
192,0,39,0,0,11,9,327120,1,40,2,31,2,4,0,5
193,0,39,0,0,11,9,327120,1,40,2,31,2,4,0,5
194,0,39,0,0,11,9,327120,1,40,2,31,2,4,0,5
195,0,39,0,0,11,9,327120,1,40,2,31,2,4,0,5
196,0,39,0,0,11,9,327120,1,40,2,31,2,4,0,5
197,0,39,0,0,11,9,327120,1,40,2,31,2,4,0,5
198,0,39,0,0,11,9,327120,1,40,2,31,2,4,0,5
199,0,39,0,0,11,9,327120,1,40,2,31,2,4,0,5
200,1,32,0,0,7,12,123253,1,42,2,38,2,4,0,3
201,0,39,0,0,11,9,327120,1,40,2,31,2,4,0,5
202,0,39,0,0,11,9,327120,1,40,2,31,2,4,0,5
203,1,32,0,0,7,12,123253,1,42,2,38,2,4,0,3
204,0,39,0,0,11,9,327120,1,40,2,31,2,4,0,5
205,0,39,0,0,11,9,327120,1,40,2,31,2,4,0,5
206,0,39,0,0,11,9,327120,1,40,2,31,2,4,0,5
207,0,39,0,0,11,9,327120,1,40,2,31,2,4,0,5
208,0,39,0,0,11,9,327120,1,40,2,31,2,4,0,5
209,0,39,0,0,11,9,327120,1,40,2,31,2,4,0,5
210,0,39,0,0,11,9,327120,1,40,2,31,2,4,0,5
211,0,39,0,0,11,9,327120,1,40,2,31,2,4,0,5
212,0,39,0,0,11,9,327120,1,40,2,31,2,4,0,5
213,1,32,0,0,7,12,123253,1,42,2,38,2,4,0,3
214,0,39,0,0,11,9,327120,1,40,2,31,2,4,0,5
215,0,39,0,0,11,9,327120,1,40,2,31,2,4,0,5
216,0,39,0,0,11,9,327120,1,40,2,31,2,4,0,5
217,0,39,0,0,11,9,327120,1,40,2,31,2,4,0,5
218,0,39,0,0,11,9,327120,1,40,2,31,2,4,0,5
219,0,39,0,0,11,9,327120,1,40,2,31,2,4,0,5
220,1,32,0,0,7,12,123253,1,42,2,38,2,4,0,3
221,0,39,0,0,11,9,327120,1,40,2,31,2,4,0,5
222,1,32,0,0,7,12,123253,1,42,2,38,2,4,0,3
223,0,39,0,0,11,9,327120,1,40,2,31,2,4,0,5
224,1,32,0,0,7,12,123253,1,42,2,38,2,4,0,3
225,1,32,0,0,7,12,123253,1,42,2,38,2,4,0,3
226,0,39,0,0,11,9,327120,1,40,2,31,2,4,0,5
227,0,39,0,0,11,9,327120,1,40,2,31,2,4,0,5
228,0,39,0,0,11,9,327120,1,40,2,31,2,4,0,5
229,0,39,0,0,11,9,327120,1,40,2,31,2,4,0,5
230,0,39,0,0,11,9,327120,1,40,2,31,2,4,0,5
231,0,39,0,0,11,9,327120,1,40,2,31,2,4,0,5
232,0,39,0,0,11,9,327120,1,40,2,31,2,4,0,5
233,0,39,0,0,11,9,327120,1,40,2,31,2,4,0,5
234,0,39,0,0,11,9,327120,1,40,2,31,2,4,0,5
235,0,39,0,0,11,9,327120,1,40,2,31,2,4,0,5
236,0,39,0,0,11,9,327120,1,40,2,31,2,4,0,5
237,0,39,0,0,11,9,327120,1,40,2,31,2,4,0,5
238,0,39,0,0,11,9,327120,1,40,2,31,2,4,0,5
239,0,39,0,0,11,9,327120,1,40,2,31,2,4,0,5
240,0,39,0,0,11,9,327120,1,40,2,31,2,4,0,5
241,0,39,0,0,11,9,327120,1,40,2,31,2,4,0,5
242,0,39,0,0,11,9,327120,1,40,2,31,2,4,0,5
243,0,39,0,0,11,9,327120,1,40,2,31,2,4,0,5
244,0,39,0,0,11,9,327120,1,40,2,31,2,4,0,5
245,0,39,0,0,11,9,327120,1,40,2,31,2,4,0,5
246,1,32,0,0,7,12,123253,1,42,2,38,2,4,0,3
247,1,32,0,0,7,12,123253,1,42,2,38,2,4,0,3
248,0,39,0,0,11,9,327120,1,40,2,31,2,4,0,5
249,0,39,0,0,11,9,327120,1,40,2,31,2,4,0,5
250,0,39,0,0,11,9,327120,1,40,2,31,2,4,0,5
251,0,39,0,0,11,9,327120,1,40,2,31,2,4,0,5
252,0,39,0,0,11,9,327120,1,40,2,31,2,4,0,5
253,0,39,0,0,11,9,327120,1,40,2,31,2,4,0,5
254,0,39,0,0,11,9,327120,1,40,2,31,2,4,0,5
255,0,39,0,0,11,9,327120,1,40,2,31,2,4,0,5
256,1,32,0,0,7,12,123253,1,42,2,38,2,4,0,3
257,0,39,0,0,11,9,327120,1,40,2,31,2,4,0,5
258,0,39,0,0,11,9,327120,1,40,2,31,2,4,0,5
259,0,39,0,0,11,9,327120,1,40,2,31,2,4,0,5
260,0,39,0,0,11,9,327120,1,40,2,31,2,4,0,5
261,0,39,0,0,11,9,327120,1,40,2,31,2,4,0,5
262,0,39,0,0,11,9,327120,1,40,2,31,2,4,0,5
263,0,39,0,0,11,9,327120,1,40,2,31,2,4,0,5
264,0,39,0,0,11,9,327120,1,40,2,31,2,4,0,5
265,0,39,0,0,11,9,327120,1,40,2,31,2,4,0,5
266,0,39,0,0,11,9,327120,1,40,2,31,2,4,0,5
267,0,39,0,0,11,9,327120,1,40,2,31,2,4,0,5
268,0,39,0,0,11,9,327120,1,40,2,31,2,4,0,5
269,0,39,0,0,11,9,327120,1,40,2,31,2,4,0,5
270,0,39,0,0,11,9,327120,1,40,2,31,2,4,0,5
271,0,39,0,0,11,9,327120,1,40,2,31,2,4,0,5
272,0,39,0,0,11,9,327120,1,40,2,31,2,4,0,5
273,0,39,0,0,11,9,327120,1,40,2,31,2,4,0,5
274,0,39,0,0,11,9,327120,1,40,2,31,2,4,0,5
275,1,32,0,0,7,12,123253,1,42,2,38,2,4,0,3
276,0,39,0,0,11,9,327120,1,40,2,31,2,4,0,5
277,0,39,0,0,11,9,327120,1,40,2,31,2,4,0,5
278,0,39,0,0,11,9,327120,1,40,2,31,2,4,0,5
279,0,39,0,0,11,9,327120,1,40,2,31,2,4,0,5
280,0,39,0,0,11,9,327120,1,40,2,31,2,4,0,5
281,0,39,0,0,11,9,327120,1,40,2,31,2,4,0,5
282,0,39,0,0,11,9,327120,1,40,2,31,2,4,0,5
283,0,39,0,0,11,9,327120,1,40,2,31,2,4,0,5
284,0,39,0,0,11,9,327120,1,40,2,31,2,4,0,5
285,0,39,0,0,11,9,327120,1,40,2,31,2,4,0,5
286,0,39,0,0,11,9,327120,1,40,2,31,2,4,0,5
287,0,39,0,0,11,9,327120,1,40,2,31,2,4,0,5
288,0,39,0,0,11,9,327120,1,40,2,31,2,4,0,5
289,0,39,0,0,11,9,327120,1,40,2,31,2,4,0,5
290,0,39,0,0,11,9,327120,1,40,2,31,2,4,0,5
291,0,39,0,0,11,9,327120,1,40,2,31,2,4,0,5
292,0,39,0,0,11,9,327120,1,40,2,31,2,4,0,5
293,0,39,0,0,11,9,327120,1,40,2,31,2,4,0,5
294,0,39,0,0,11,9,327120,1,40,2,31,2,4,0,5
295,0,39,0,0,11,9,327120,1,40,2,31,2,4,0,5
296,1,32,0,0,7,12,123253,1,42,2,38,2,4,0,3
297,1,32,0,0,7,12,123253,1,42,2,38,2,4,0,3
298,0,39,0,0,11,9,327120,1,40,2,31,2,4,0,5
299,0,39,0,0,11,9,327120,1,40,2,31,2,4,0,5
300,0,39,0,0,11,9,327120,1,40,2,31,2,4,0,5
301,0,39,0,0,11,9,327120,1,40,2,31,2,4,0,5
302,0,39,0,0,11,9,327120,1,40,2,31,2,4,0,5
303,0,39,0,0,11,9,327120,1,40,2,31,2,4,0,5
304,0,39,0,0,11,9,327120,1,40,2,31,2,4,0,5
305,0,39,0,0,11,9,327120,1,40,2,31,2,4,0,5
306,0,39,0,0,11,9,327120,1,40,2,31,2,4,0,5
307,0,39,0,0,11,9,327120,1,40,2,31,2,4,0,5
308,0,39,0,0,11,9,327120,1,40,2,31,2,4,0,5
309,0,39,0,0,11,9,327120,1,40,2,31,2,4,0,5
310,1,32,0,0,7,12,123253,1,42,2,38,2,4,0,3
311,1,32,0,0,7,12,123253,1,42,2,38,2,4,0,3
312,0,39,0,0,11,9,327120,1,40,2,31,2,4,0,5
313,1,32,0,0,7,12,123253,1,42,2,38,2,4,0,3
314,0,39,0,0,11,9,327120,1,40,2,31,2,4,0,5
315,0,39,0,0,11,9,327120,1,40,2,31,2,4,0,5
316,0,39,0,0,11,9,327120,1,40,2,31,2,4,0,5
317,1,32,0,0,7,12,123253,1,42,2,38,2,4,0,3
318,1,32,0,0,7,12,123253,1,42,2,38,2,4,0,3
319,0,39,0,0,11,9,327120,1,40,2,31,2,4,0,5
320,0,39,0,0,11,9,327120,1,40,2,31,2,4,0,5
321,1,32,0,0,7,12,123253,1,42,2,38,2,4,0,3
322,0,39,0,0,11,9,327120,1,40,2,31,2,4,0,5
323,0,39,0,0,11,9,327120,1,40,2,31,2,4,0,5
324,0,39,0,0,11,9,327120,1,40,2,31,2,4,0,5
325,0,39,0,0,11,9,327120,1,40,2,31,2,4,0,5
326,0,39,0,0,11,9,327120,1,40,2,31,2,4,0,5
327,0,39,0,0,11,9,327120,1,40,2,31,2,4,0,5
328,0,39,0,0,11,9,327120,1,40,2,31,2,4,0,5
329,0,39,0,0,11,9,327120,1,40,2,31,2,4,0,5
330,0,39,0,0,11,9,327120,1,40,2,31,2,4,0,5
331,0,39,0,0,11,9,327120,1,40,2,31,2,4,0,5
332,0,39,0,0,11,9,327120,1,40,2,31,2,4,0,5
333,0,39,0,0,11,9,327120,1,40,2,31,2,4,0,5
334,0,39,0,0,11,9,327120,1,40,2,31,2,4,0,5
335,0,39,0,0,11,9,327120,1,40,2,31,2,4,0,5
336,0,39,0,0,11,9,327120,1,40,2,31,2,4,0,5
337,0,39,0,0,11,9,327120,1,40,2,31,2,4,0,5
338,0,39,0,0,11,9,327120,1,40,2,31,2,4,0,5
339,0,39,0,0,11,9,327120,1,40,2,31,2,4,0,5
340,0,39,0,0,11,9,327120,1,40,2,31,2,4,0,5
341,0,39,0,0,11,9,327120,1,40,2,31,2,4,0,5
342,0,39,0,0,11,9,327120,1,40,2,31,2,4,0,5
343,0,39,0,0,11,9,327120,1,40,2,31,2,4,0,5
344,0,39,0,0,11,9,327120,1,40,2,31,2,4,0,5
345,1,32,0,0,7,12,123253,1,42,2,38,2,4,0,3
346,0,39,0,0,11,9,327120,1,40,2,31,2,4,0,5
347,0,39,0,0,11,9,327120,1,40,2,31,2,4,0,5
348,0,39,0,0,11,9,327120,1,40,2,31,2,4,0,5
349,0,39,0,0,11,9,327120,1,40,2,31,2,4,0,5
350,1,32,0,0,7,12,123253,1,42,2,38,2,4,0,3
351,0,39,0,0,11,9,327120,1,40,2,31,2,4,0,5
352,0,39,0,0,11,9,327120,1,40,2,31,2,4,0,5
353,1,32,0,0,7,12,123253,1,42,2,38,2,4,0,3
354,0,39,0,0,11,9,327120,1,40,2,31,2,4,0,5
355,0,39,0,0,11,9,327120,1,40,2,31,2,4,0,5
356,0,39,0,0,11,9,327120,1,40,2,31,2,4,0,5
357,0,39,0,0,11,9,327120,1,40,2,31,2,4,0,5
358,0,39,0,0,11,9,327120,1,40,2,31,2,4,0,5
359,0,39,0,0,11,9,327120,1,40,2,31,2,4,0,5
360,0,39,0,0,11,9,327120,1,40,2,31,2,4,0,5
361,0,39,0,0,11,9,327120,1,40,2,31,2,4,0,5
362,0,39,0,0,11,9,327120,1,40,2,31,2,4,0,5
363,1,32,0,0,7,12,123253,1,42,2,38,2,4,0,3
364,1,32,0,0,7,12,123253,1,42,2,38,2,4,0,3
365,0,39,0,0,11,9,327120,1,40,2,31,2,4,0,5
366,0,39,0,0,11,9,327120,1,40,2,31,2,4,0,5
367,0,39,0,0,11,9,327120,1,40,2,31,2,4,0,5
368,0,39,0,0,11,9,327120,1,40,2,31,2,4,0,5
369,0,39,0,0,11,9,327120,1,40,2,31,2,4,0,5
370,1,32,0,0,7,12,123253,1,42,2,38,2,4,0,3
371,0,39,0,0,11,9,327120,1,40,2,31,2,4,0,5
372,1,32,0,0,7,12,123253,1,42,2,38,2,4,0,3
373,0,39,0,0,11,9,327120,1,40,2,31,2,4,0,5
374,0,39,0,0,11,9,327120,1,40,2,31,2,4,0,5
375,0,39,0,0,11,9,327120,1,40,2,31,2,4,0,5
376,0,39,0,0,11,9,327120,1,40,2,31,2,4,0,5
377,0,39,0,0,11,9,327120,1,40,2,31,2,4,0,5
378,0,39,0,0,11,9,327120,1,40,2,31,2,4,0,5
379,0,39,0,0,11,9,327120,1,40,2,31,2,4,0,5
380,0,39,0,0,11,9,327120,1,40,2,31,2,4,0,5
381,0,39,0,0,11,9,327120,1,40,2,31,2,4,0,5
382,0,39,0,0,11,9,327120,1,40,2,31,2,4,0,5
383,1,32,0,0,7,12,123253,1,42,2,38,2,4,0,3
384,0,39,0,0,11,9,327120,1,40,2,31,2,4,0,5
385,0,39,0,0,11,9,327120,1,40,2,31,2,4,0,5
386,0,39,0,0,11,9,327120,1,40,2,31,2,4,0,5
387,0,39,0,0,11,9,327120,1,40,2,31,2,4,0,5
388,0,39,0,0,11,9,327120,1,40,2,31,2,4,0,5
389,0,39,0,0,11,9,327120,1,40,2,31,2,4,0,5
390,1,32,0,0,7,12,123253,1,42,2,38,2,4,0,3
391,0,39,0,0,11,9,327120,1,40,2,31,2,4,0,5
392,0,39,0,0,11,9,327120,1,40,2,31,2,4,0,5
393,0,39,0,0,11,9,327120,1,40,2,31,2,4,0,5
394,0,39,0,0,11,9,327120,1,40,2,31,2,4,0,5
395,0,39,0,0,11,9,327120,1,40,2,31,2,4,0,5
396,0,39,0,0,11,9,327120,1,40,2,31,2,4,0,5
397,0,39,0,0,11,9,327120,1,40,2,31,2,4,0,5
398,1,32,0,0,7,12,123253,1,42,2,38,2,4,0,3
399,0,39,0,0,11,9,327120,1,40,2,31,2,4,0,5
400,0,39,0,0,11,9,327120,1,40,2,31,2,4,0,5
401,0,39,0,0,11,9,327120,1,40,2,31,2,4,0,5
402,1,32,0,0,7,12,123253,1,42,2,38,2,4,0,3
403,0,39,0,0,11,9,327120,1,40,2,31,2,4,0,5
404,0,39,0,0,11,9,327120,1,40,2,31,2,4,0,5
405,0,39,0,0,11,9,327120,1,40,2,31,2,4,0,5
406,0,39,0,0,11,9,327120,1,40,2,31,2,4,0,5
407,0,39,0,0,11,9,327120,1,40,2,31,2,4,0,5
408,0,39,0,0,11,9,327120,1,40,2,31,2,4,0,5
409,0,39,0,0,11,9,327120,1,40,2,31,2,4,0,5
410,1,32,0,0,7,12,123253,1,42,2,38,2,4,0,3
411,1,32,0,0,7,12,123253,1,42,2,38,2,4,0,3
412,0,39,0,0,11,9,327120,1,40,2,31,2,4,0,5
413,0,39,0,0,11,9,327120,1,40,2,31,2,4,0,5
414,0,39,0,0,11,9,327120,1,40,2,31,2,4,0,5
415,0,39,0,0,11,9,327120,1,40,2,31,2,4,0,5
416,0,39,0,0,11,9,327120,1,40,2,31,2,4,0,5
417,0,39,0,0,11,9,327120,1,40,2,31,2,4,0,5
418,0,39,0,0,11,9,327120,1,40,2,31,2,4,0,5
419,1,32,0,0,7,12,123253,1,42,2,38,2,4,0,3
420,0,39,0,0,11,9,327120,1,40,2,31,2,4,0,5
421,0,39,0,0,11,9,327120,1,40,2,31,2,4,0,5
422,1,32,0,0,7,12,123253,1,42,2,38,2,4,0,3
423,0,39,0,0,11,9,327120,1,40,2,31,2,4,0,5
424,0,39,0,0,11,9,327120,1,40,2,31,2,4,0,5
425,0,39,0,0,11,9,327120,1,40,2,31,2,4,0,5
426,0,39,0,0,11,9,327120,1,40,2,31,2,4,0,5
427,0,39,0,0,11,9,327120,1,40,2,31,2,4,0,5
428,0,39,0,0,11,9,327120,1,40,2,31,2,4,0,5
429,0,39,0,0,11,9,327120,1,40,2,31,2,4,0,5
430,1,32,0,0,7,12,123253,1,42,2,38,2,4,0,3
431,0,39,0,0,11,9,327120,1,40,2,31,2,4,0,5
432,0,39,0,0,11,9,327120,1,40,2,31,2,4,0,5
433,0,39,0,0,11,9,327120,1,40,2,31,2,4,0,5
434,0,39,0,0,11,9,327120,1,40,2,31,2,4,0,5
435,0,39,0,0,11,9,327120,1,40,2,31,2,4,0,5
436,0,39,0,0,11,9,327120,1,40,2,31,2,4,0,5
437,1,32,0,0,7,12,123253,1,42,2,38,2,4,0,3
438,0,39,0,0,11,9,327120,1,40,2,31,2,4,0,5
439,0,39,0,0,11,9,327120,1,40,2,31,2,4,0,5
440,1,32,0,0,7,12,123253,1,42,2,38,2,4,0,3
441,0,39,0,0,11,9,327120,1,40,2,31,2,4,0,5
442,0,39,0,0,11,9,327120,1,40,2,31,2,4,0,5
443,0,39,0,0,11,9,327120,1,40,2,31,2,4,0,5
444,0,39,0,0,11,9,327120,1,40,2,31,2,4,0,5
445,0,39,0,0,11,9,327120,1,40,2,31,2,4,0,5
446,0,39,0,0,11,9,327120,1,40,2,31,2,4,0,5
447,0,39,0,0,11,9,327120,1,40,2,31,2,4,0,5
448,0,39,0,0,11,9,327120,1,40,2,31,2,4,0,5
449,0,39,0,0,11,9,327120,1,40,2,31,2,4,0,5
450,0,39,0,0,11,9,327120,1,40,2,31,2,4,0,5
451,0,39,0,0,11,9,327120,1,40,2,31,2,4,0,5
452,1,32,0,0,7,12,123253,1,42,2,38,2,4,0,3
453,0,39,0,0,11,9,327120,1,40,2,31,2,4,0,5
454,0,39,0,0,11,9,327120,1,40,2,31,2,4,0,5
455,0,39,0,0,11,9,327120,1,40,2,31,2,4,0,5
456,0,39,0,0,11,9,327120,1,40,2,31,2,4,0,5
457,1,32,0,0,7,12,123253,1,42,2,38,2,4,0,3
458,1,32,0,0,7,12,123253,1,42,2,38,2,4,0,3
459,0,39,0,0,11,9,327120,1,40,2,31,2,4,0,5
460,0,39,0,0,11,9,327120,1,40,2,31,2,4,0,5
461,0,39,0,0,11,9,327120,1,40,2,31,2,4,0,5
462,0,39,0,0,11,9,327120,1,40,2,31,2,4,0,5
463,0,39,0,0,11,9,327120,1,40,2,31,2,4,0,5
464,0,39,0,0,11,9,327120,1,40,2,31,2,4,0,5
465,0,39,0,0,11,9,327120,1,40,2,31,2,4,0,5
466,0,39,0,0,11,9,327120,1,40,2,31,2,4,0,5
467,0,39,0,0,11,9,327120,1,40,2,31,2,4,0,5
468,0,39,0,0,11,9,327120,1,40,2,31,2,4,0,5
469,0,39,0,0,11,9,327120,1,40,2,31,2,4,0,5
470,0,39,0,0,11,9,327120,1,40,2,31,2,4,0,5
471,0,39,0,0,11,9,327120,1,40,2,31,2,4,0,5
472,1,32,0,0,7,12,123253,1,42,2,38,2,4,0,3
473,0,39,0,0,11,9,327120,1,40,2,31,2,4,0,5
474,0,39,0,0,11,9,327120,1,40,2,31,2,4,0,5
475,0,39,0,0,11,9,327120,1,40,2,31,2,4,0,5
476,1,32,0,0,7,12,123253,1,42,2,38,2,4,0,3
477,0,39,0,0,11,9,327120,1,40,2,31,2,4,0,5
478,1,32,0,0,7,12,123253,1,42,2,38,2,4,0,3
479,0,39,0,0,11,9,327120,1,40,2,31,2,4,0,5
480,0,39,0,0,11,9,327120,1,40,2,31,2,4,0,5
481,0,39,0,0,11,9,327120,1,40,2,31,2,4,0,5
482,0,39,0,0,11,9,327120,1,40,2,31,2,4,0,5
483,0,39,0,0,11,9,327120,1,40,2,31,2,4,0,5
484,0,39,0,0,11,9,327120,1,40,2,31,2,4,0,5
485,1,32,0,0,7,12,123253,1,42,2,38,2,4,0,3
486,1,32,0,0,7,12,123253,1,42,2,38,2,4,0,3
487,0,39,0,0,11,9,327120,1,40,2,31,2,4,0,5
488,0,39,0,0,11,9,327120,1,40,2,31,2,4,0,5
489,0,39,0,0,11,9,327120,1,40,2,31,2,4,0,5
490,0,39,0,0,11,9,327120,1,40,2,31,2,4,0,5
491,0,39,0,0,11,9,327120,1,40,2,31,2,4,0,5
492,0,39,0,0,11,9,327120,1,40,2,31,2,4,0,5
493,0,39,0,0,11,9,327120,1,40,2,31,2,4,0,5
494,0,39,0,0,11,9,327120,1,40,2,31,2,4,0,5
495,0,39,0,0,11,9,327120,1,40,2,31,2,4,0,5
496,0,39,0,0,11,9,327120,1,40,2,31,2,4,0,5
497,0,39,0,0,11,9,327120,1,40,2,31,2,4,0,5
498,0,39,0,0,11,9,327120,1,40,2,31,2,4,0,5
499,1,32,0,0,7,12,123253,1,42,2,38,2,4,0,3
500,0,39,0,0,11,9,327120,1,40,2,31,2,4,0,5
501,0,39,0,0,11,9,327120,1,40,2,31,2,4,0,5
502,0,39,0,0,11,9,327120,1,40,2,31,2,4,0,5
503,1,32,0,0,7,12,123253,1,42,2,38,2,4,0,3
504,0,39,0,0,11,9,327120,1,40,2,31,2,4,0,5
505,0,39,0,0,11,9,327120,1,40,2,31,2,4,0,5
506,0,39,0,0,11,9,327120,1,40,2,31,2,4,0,5
507,0,39,0,0,11,9,327120,1,40,2,31,2,4,0,5
508,1,32,0,0,7,12,123253,1,42,2,38,2,4,0,3
509,0,39,0,0,11,9,327120,1,40,2,31,2,4,0,5
510,0,39,0,0,11,9,327120,1,40,2,31,2,4,0,5
511,0,39,0,0,11,9,327120,1,40,2,31,2,4,0,5
512,0,39,0,0,11,9,327120,1,40,2,31,2,4,0,5
513,0,39,0,0,11,9,327120,1,40,2,31,2,4,0,5
514,0,39,0,0,11,9,327120,1,40,2,31,2,4,0,5
515,0,39,0,0,11,9,327120,1,40,2,31,2,4,0,5
516,0,39,0,0,11,9,327120,1,40,2,31,2,4,0,5
517,0,39,0,0,11,9,327120,1,40,2,31,2,4,0,5
518,0,39,0,0,11,9,327120,1,40,2,31,2,4,0,5
519,0,39,0,0,11,9,327120,1,40,2,31,2,4,0,5
520,0,39,0,0,11,9,327120,1,40,2,31,2,4,0,5
521,0,39,0,0,11,9,327120,1,40,2,31,2,4,0,5
522,0,39,0,0,11,9,327120,1,40,2,31,2,4,0,5
523,1,32,0,0,7,12,123253,1,42,2,38,2,4,0,3
524,1,32,0,0,7,12,123253,1,42,2,38,2,4,0,3
525,0,39,0,0,11,9,327120,1,40,2,31,2,4,0,5
526,0,39,0,0,11,9,327120,1,40,2,31,2,4,0,5
527,0,39,0,0,11,9,327120,1,40,2,31,2,4,0,5
528,0,39,0,0,11,9,327120,1,40,2,31,2,4,0,5
529,0,39,0,0,11,9,327120,1,40,2,31,2,4,0,5
530,0,39,0,0,11,9,327120,1,40,2,31,2,4,0,5
531,0,39,0,0,11,9,327120,1,40,2,31,2,4,0,5
532,1,32,0,0,7,12,123253,1,42,2,38,2,4,0,3
533,1,32,0,0,7,12,123253,1,42,2,38,2,4,0,3
534,0,39,0,0,11,9,327120,1,40,2,31,2,4,0,5
535,0,39,0,0,11,9,327120,1,40,2,31,2,4,0,5
536,0,39,0,0,11,9,327120,1,40,2,31,2,4,0,5
537,0,39,0,0,11,9,327120,1,40,2,31,2,4,0,5
538,0,39,0,0,11,9,327120,1,40,2,31,2,4,0,5
539,0,39,0,0,11,9,327120,1,40,2,31,2,4,0,5
540,0,39,0,0,11,9,327120,1,40,2,31,2,4,0,5
541,1,32,0,0,7,12,123253,1,42,2,38,2,4,0,3
542,0,39,0,0,11,9,327120,1,40,2,31,2,4,0,5
543,0,39,0,0,11,9,327120,1,40,2,31,2,4,0,5
544,0,39,0,0,11,9,327120,1,40,2,31,2,4,0,5
545,1,32,0,0,7,12,123253,1,42,2,38,2,4,0,3
546,0,39,0,0,11,9,327120,1,40,2,31,2,4,0,5
547,0,39,0,0,11,9,327120,1,40,2,31,2,4,0,5
548,0,39,0,0,11,9,327120,1,40,2,31,2,4,0,5
549,0,39,0,0,11,9,327120,1,40,2,31,2,4,0,5
550,1,32,0,0,7,12,123253,1,42,2,38,2,4,0,3
551,0,39,0,0,11,9,327120,1,40,2,31,2,4,0,5
552,0,39,0,0,11,9,327120,1,40,2,31,2,4,0,5
553,0,39,0,0,11,9,327120,1,40,2,31,2,4,0,5
554,0,39,0,0,11,9,327120,1,40,2,31,2,4,0,5
555,0,39,0,0,11,9,327120,1,40,2,31,2,4,0,5
556,0,39,0,0,11,9,327120,1,40,2,31,2,4,0,5
557,0,39,0,0,11,9,327120,1,40,2,31,2,4,0,5
558,0,39,0,0,11,9,327120,1,40,2,31,2,4,0,5
559,0,39,0,0,11,9,327120,1,40,2,31,2,4,0,5
560,0,39,0,0,11,9,327120,1,40,2,31,2,4,0,5
561,0,39,0,0,11,9,327120,1,40,2,31,2,4,0,5
562,0,39,0,0,11,9,327120,1,40,2,31,2,4,0,5
563,0,39,0,0,11,9,327120,1,40,2,31,2,4,0,5
564,0,39,0,0,11,9,327120,1,40,2,31,2,4,0,5
565,0,39,0,0,11,9,327120,1,40,2,31,2,4,0,5
566,0,39,0,0,11,9,327120,1,40,2,31,2,4,0,5
567,0,39,0,0,11,9,327120,1,40,2,31,2,4,0,5
568,0,39,0,0,11,9,327120,1,40,2,31,2,4,0,5
569,0,39,0,0,11,9,327120,1,40,2,31,2,4,0,5
570,0,39,0,0,11,9,327120,1,40,2,31,2,4,0,5
571,1,32,0,0,7,12,123253,1,42,2,38,2,4,0,3
572,0,39,0,0,11,9,327120,1,40,2,31,2,4,0,5
573,0,39,0,0,11,9,327120,1,40,2,31,2,4,0,5
574,1,32,0,0,7,12,123253,1,42,2,38,2,4,0,3
575,0,39,0,0,11,9,327120,1,40,2,31,2,4,0,5
576,0,39,0,0,11,9,327120,1,40,2,31,2,4,0,5
577,0,39,0,0,11,9,327120,1,40,2,31,2,4,0,5
578,0,39,0,0,11,9,327120,1,40,2,31,2,4,0,5
579,1,32,0,0,7,12,123253,1,42,2,38,2,4,0,3
580,0,39,0,0,11,9,327120,1,40,2,31,2,4,0,5
581,1,32,0,0,7,12,123253,1,42,2,38,2,4,0,3
582,0,39,0,0,11,9,327120,1,40,2,31,2,4,0,5
583,0,39,0,0,11,9,327120,1,40,2,31,2,4,0,5
584,0,39,0,0,11,9,327120,1,40,2,31,2,4,0,5
585,0,39,0,0,11,9,327120,1,40,2,31,2,4,0,5
586,1,32,0,0,7,12,123253,1,42,2,38,2,4,0,3
587,0,39,0,0,11,9,327120,1,40,2,31,2,4,0,5
588,0,39,0,0,11,9,327120,1,40,2,31,2,4,0,5
589,0,39,0,0,11,9,327120,1,40,2,31,2,4,0,5
590,0,39,0,0,11,9,327120,1,40,2,31,2,4,0,5
591,0,39,0,0,11,9,327120,1,40,2,31,2,4,0,5
592,0,39,0,0,11,9,327120,1,40,2,31,2,4,0,5
593,0,39,0,0,11,9,327120,1,40,2,31,2,4,0,5
594,0,39,0,0,11,9,327120,1,40,2,31,2,4,0,5
595,1,32,0,0,7,12,123253,1,42,2,38,2,4,0,3
596,0,39,0,0,11,9,327120,1,40,2,31,2,4,0,5
597,0,39,0,0,11,9,327120,1,40,2,31,2,4,0,5
598,0,39,0,0,11,9,327120,1,40,2,31,2,4,0,5
599,0,39,0,0,11,9,327120,1,40,2,31,2,4,0,5
600,1,32,0,0,7,12,123253,1,42,2,38,2,4,0,3
601,0,39,0,0,11,9,327120,1,40,2,31,2,4,0,5
602,1,32,0,0,7,12,123253,1,42,2,38,2,4,0,3
603,0,39,0,0,11,9,327120,1,40,2,31,2,4,0,5
604,0,39,0,0,11,9,327120,1,40,2,31,2,4,0,5
605,0,39,0,0,11,9,327120,1,40,2,31,2,4,0,5
606,0,39,0,0,11,9,327120,1,40,2,31,2,4,0,5
607,0,39,0,0,11,9,327120,1,40,2,31,2,4,0,5
608,0,39,0,0,11,9,327120,1,40,2,31,2,4,0,5
609,1,32,0,0,7,12,123253,1,42,2,38,2,4,0,3
610,1,32,0,0,7,12,123253,1,42,2,38,2,4,0,3
611,0,39,0,0,11,9,327120,1,40,2,31,2,4,0,5
612,0,39,0,0,11,9,327120,1,40,2,31,2,4,0,5
613,0,39,0,0,11,9,327120,1,40,2,31,2,4,0,5
614,1,32,0,0,7,12,123253,1,42,2,38,2,4,0,3
615,0,39,0,0,11,9,327120,1,40,2,31,2,4,0,5
616,0,39,0,0,11,9,327120,1,40,2,31,2,4,0,5
617,0,39,0,0,11,9,327120,1,40,2,31,2,4,0,5
618,0,39,0,0,11,9,327120,1,40,2,31,2,4,0,5
619,0,39,0,0,11,9,327120,1,40,2,31,2,4,0,5
620,1,32,0,0,7,12,123253,1,42,2,38,2,4,0,3
621,0,39,0,0,11,9,327120,1,40,2,31,2,4,0,5
622,1,32,0,0,7,12,123253,1,42,2,38,2,4,0,3
623,0,39,0,0,11,9,327120,1,40,2,31,2,4,0,5
624,0,39,0,0,11,9,327120,1,40,2,31,2,4,0,5
625,1,32,0,0,7,12,123253,1,42,2,38,2,4,0,3
626,0,39,0,0,11,9,327120,1,40,2,31,2,4,0,5
627,1,32,0,0,7,12,123253,1,42,2,38,2,4,0,3
628,0,39,0,0,11,9,327120,1,40,2,31,2,4,0,5
629,1,32,0,0,7,12,123253,1,42,2,38,2,4,0,3
630,0,39,0,0,11,9,327120,1,40,2,31,2,4,0,5
631,1,32,0,0,7,12,123253,1,42,2,38,2,4,0,3
632,0,39,0,0,11,9,327120,1,40,2,31,2,4,0,5
633,0,39,0,0,11,9,327120,1,40,2,31,2,4,0,5
634,0,39,0,0,11,9,327120,1,40,2,31,2,4,0,5
635,0,39,0,0,11,9,327120,1,40,2,31,2,4,0,5
636,1,32,0,0,7,12,123253,1,42,2,38,2,4,0,3
637,1,32,0,0,7,12,123253,1,42,2,38,2,4,0,3
638,0,39,0,0,11,9,327120,1,40,2,31,2,4,0,5
639,1,32,0,0,7,12,123253,1,42,2,38,2,4,0,3
640,1,32,0,0,7,12,123253,1,42,2,38,2,4,0,3
641,0,39,0,0,11,9,327120,1,40,2,31,2,4,0,5
642,0,39,0,0,11,9,327120,1,40,2,31,2,4,0,5
643,1,32,0,0,7,12,123253,1,42,2,38,2,4,0,3
644,0,39,0,0,11,9,327120,1,40,2,31,2,4,0,5
645,0,39,0,0,11,9,327120,1,40,2,31,2,4,0,5
646,1,32,0,0,7,12,123253,1,42,2,38,2,4,0,3
647,0,39,0,0,11,9,327120,1,40,2,31,2,4,0,5
648,0,39,0,0,11,9,327120,1,40,2,31,2,4,0,5
649,0,39,0,0,11,9,327120,1,40,2,31,2,4,0,5
650,0,39,0,0,11,9,327120,1,40,2,31,2,4,0,5
651,0,39,0,0,11,9,327120,1,40,2,31,2,4,0,5
652,1,32,0,0,7,12,123253,1,42,2,38,2,4,0,3
653,0,39,0,0,11,9,327120,1,40,2,31,2,4,0,5
654,0,39,0,0,11,9,327120,1,40,2,31,2,4,0,5
655,0,39,0,0,11,9,327120,1,40,2,31,2,4,0,5
656,1,32,0,0,7,12,123253,1,42,2,38,2,4,0,3
657,1,32,0,0,7,12,123253,1,42,2,38,2,4,0,3
658,0,39,0,0,11,9,327120,1,40,2,31,2,4,0,5
659,0,39,0,0,11,9,327120,1,40,2,31,2,4,0,5
660,0,39,0,0,11,9,327120,1,40,2,31,2,4,0,5
661,0,39,0,0,11,9,327120,1,40,2,31,2,4,0,5
662,0,39,0,0,11,9,327120,1,40,2,31,2,4,0,5
663,1,32,0,0,7,12,123253,1,42,2,38,2,4,0,3
664,0,39,0,0,11,9,327120,1,40,2,31,2,4,0,5
665,0,39,0,0,11,9,327120,1,40,2,31,2,4,0,5
666,0,39,0,0,11,9,327120,1,40,2,31,2,4,0,5
667,0,39,0,0,11,9,327120,1,40,2,31,2,4,0,5
668,0,39,0,0,11,9,327120,1,40,2,31,2,4,0,5
669,0,39,0,0,11,9,327120,1,40,2,31,2,4,0,5
670,0,39,0,0,11,9,327120,1,40,2,31,2,4,0,5
671,0,39,0,0,11,9,327120,1,40,2,31,2,4,0,5
672,0,39,0,0,11,9,327120,1,40,2,31,2,4,0,5
673,0,39,0,0,11,9,327120,1,40,2,31,2,4,0,5
674,0,39,0,0,11,9,327120,1,40,2,31,2,4,0,5
675,0,39,0,0,11,9,327120,1,40,2,31,2,4,0,5
676,1,32,0,0,7,12,123253,1,42,2,38,2,4,0,3
677,0,39,0,0,11,9,327120,1,40,2,31,2,4,0,5
678,0,39,0,0,11,9,327120,1,40,2,31,2,4,0,5
679,0,39,0,0,11,9,327120,1,40,2,31,2,4,0,5
680,0,39,0,0,11,9,327120,1,40,2,31,2,4,0,5
681,0,39,0,0,11,9,327120,1,40,2,31,2,4,0,5
682,0,39,0,0,11,9,327120,1,40,2,31,2,4,0,5
683,0,39,0,0,11,9,327120,1,40,2,31,2,4,0,5
684,0,39,0,0,11,9,327120,1,40,2,31,2,4,0,5
685,1,32,0,0,7,12,123253,1,42,2,38,2,4,0,3
686,1,32,0,0,7,12,123253,1,42,2,38,2,4,0,3
687,0,39,0,0,11,9,327120,1,40,2,31,2,4,0,5
688,0,39,0,0,11,9,327120,1,40,2,31,2,4,0,5
689,1,32,0,0,7,12,123253,1,42,2,38,2,4,0,3
690,1,32,0,0,7,12,123253,1,42,2,38,2,4,0,3
691,0,39,0,0,11,9,327120,1,40,2,31,2,4,0,5
692,1,32,0,0,7,12,123253,1,42,2,38,2,4,0,3
693,0,39,0,0,11,9,327120,1,40,2,31,2,4,0,5
694,0,39,0,0,11,9,327120,1,40,2,31,2,4,0,5
695,0,39,0,0,11,9,327120,1,40,2,31,2,4,0,5
696,1,32,0,0,7,12,123253,1,42,2,38,2,4,0,3
697,0,39,0,0,11,9,327120,1,40,2,31,2,4,0,5
698,1,32,0,0,7,12,123253,1,42,2,38,2,4,0,3
699,0,39,0,0,11,9,327120,1,40,2,31,2,4,0,5
700,0,39,0,0,11,9,327120,1,40,2,31,2,4,0,5
701,0,39,0,0,11,9,327120,1,40,2,31,2,4,0,5
702,0,39,0,0,11,9,327120,1,40,2,31,2,4,0,5
703,1,32,0,0,7,12,123253,1,42,2,38,2,4,0,3
704,0,39,0,0,11,9,327120,1,40,2,31,2,4,0,5
705,1,32,0,0,7,12,123253,1,42,2,38,2,4,0,3
706,0,39,0,0,11,9,327120,1,40,2,31,2,4,0,5
707,0,39,0,0,11,9,327120,1,40,2,31,2,4,0,5
708,0,39,0,0,11,9,327120,1,40,2,31,2,4,0,5
709,0,39,0,0,11,9,327120,1,40,2,31,2,4,0,5
710,0,39,0,0,11,9,327120,1,40,2,31,2,4,0,5
711,0,39,0,0,11,9,327120,1,40,2,31,2,4,0,5
712,1,32,0,0,7,12,123253,1,42,2,38,2,4,0,3
713,0,39,0,0,11,9,327120,1,40,2,31,2,4,0,5
714,0,39,0,0,11,9,327120,1,40,2,31,2,4,0,5
715,0,39,0,0,11,9,327120,1,40,2,31,2,4,0,5
716,0,39,0,0,11,9,327120,1,40,2,31,2,4,0,5
717,0,39,0,0,11,9,327120,1,40,2,31,2,4,0,5
718,1,32,0,0,7,12,123253,1,42,2,38,2,4,0,3
719,0,39,0,0,11,9,327120,1,40,2,31,2,4,0,5
720,0,39,0,0,11,9,327120,1,40,2,31,2,4,0,5
721,0,39,0,0,11,9,327120,1,40,2,31,2,4,0,5
722,0,39,0,0,11,9,327120,1,40,2,31,2,4,0,5
723,0,39,0,0,11,9,327120,1,40,2,31,2,4,0,5
724,1,32,0,0,7,12,123253,1,42,2,38,2,4,0,3
725,0,39,0,0,11,9,327120,1,40,2,31,2,4,0,5
726,0,39,0,0,11,9,327120,1,40,2,31,2,4,0,5
727,0,39,0,0,11,9,327120,1,40,2,31,2,4,0,5
728,0,39,0,0,11,9,327120,1,40,2,31,2,4,0,5
729,0,39,0,0,11,9,327120,1,40,2,31,2,4,0,5
730,0,39,0,0,11,9,327120,1,40,2,31,2,4,0,5
731,0,39,0,0,11,9,327120,1,40,2,31,2,4,0,5
732,0,39,0,0,11,9,327120,1,40,2,31,2,4,0,5
733,0,39,0,0,11,9,327120,1,40,2,31,2,4,0,5
734,0,39,0,0,11,9,327120,1,40,2,31,2,4,0,5
735,0,39,0,0,11,9,327120,1,40,2,31,2,4,0,5
736,1,32,0,0,7,12,123253,1,42,2,38,2,4,0,3
737,0,39,0,0,11,9,327120,1,40,2,31,2,4,0,5
738,1,32,0,0,7,12,123253,1,42,2,38,2,4,0,3
739,0,39,0,0,11,9,327120,1,40,2,31,2,4,0,5
740,0,39,0,0,11,9,327120,1,40,2,31,2,4,0,5
741,0,39,0,0,11,9,327120,1,40,2,31,2,4,0,5
742,0,39,0,0,11,9,327120,1,40,2,31,2,4,0,5
743,0,39,0,0,11,9,327120,1,40,2,31,2,4,0,5
744,1,32,0,0,7,12,123253,1,42,2,38,2,4,0,3
745,1,32,0,0,7,12,123253,1,42,2,38,2,4,0,3
746,0,39,0,0,11,9,327120,1,40,2,31,2,4,0,5
747,1,32,0,0,7,12,123253,1,42,2,38,2,4,0,3
748,1,32,0,0,7,12,123253,1,42,2,38,2,4,0,3
749,1,32,0,0,7,12,123253,1,42,2,38,2,4,0,3
750,0,39,0,0,11,9,327120,1,40,2,31,2,4,0,5
751,0,39,0,0,11,9,327120,1,40,2,31,2,4,0,5
752,0,39,0,0,11,9,327120,1,40,2,31,2,4,0,5
753,0,39,0,0,11,9,327120,1,40,2,31,2,4,0,5
754,1,32,0,0,7,12,123253,1,42,2,38,2,4,0,3
755,0,39,0,0,11,9,327120,1,40,2,31,2,4,0,5
756,1,32,0,0,7,12,123253,1,42,2,38,2,4,0,3
757,0,39,0,0,11,9,327120,1,40,2,31,2,4,0,5
758,0,39,0,0,11,9,327120,1,40,2,31,2,4,0,5
759,0,39,0,0,11,9,327120,1,40,2,31,2,4,0,5
760,0,39,0,0,11,9,327120,1,40,2,31,2,4,0,5
761,1,32,0,0,7,12,123253,1,42,2,38,2,4,0,3
762,0,39,0,0,11,9,327120,1,40,2,31,2,4,0,5
763,1,32,0,0,7,12,123253,1,42,2,38,2,4,0,3
764,0,39,0,0,11,9,327120,1,40,2,31,2,4,0,5
765,0,39,0,0,11,9,327120,1,40,2,31,2,4,0,5
766,0,39,0,0,11,9,327120,1,40,2,31,2,4,0,5
767,0,39,0,0,11,9,327120,1,40,2,31,2,4,0,5
768,0,39,0,0,11,9,327120,1,40,2,31,2,4,0,5
769,0,39,0,0,11,9,327120,1,40,2,31,2,4,0,5
770,0,39,0,0,11,9,327120,1,40,2,31,2,4,0,5
771,0,39,0,0,11,9,327120,1,40,2,31,2,4,0,5
772,0,39,0,0,11,9,327120,1,40,2,31,2,4,0,5
773,0,39,0,0,11,9,327120,1,40,2,31,2,4,0,5
774,0,39,0,0,11,9,327120,1,40,2,31,2,4,0,5
775,1,32,0,0,7,12,123253,1,42,2,38,2,4,0,3
776,0,39,0,0,11,9,327120,1,40,2,31,2,4,0,5
777,0,39,0,0,11,9,327120,1,40,2,31,2,4,0,5
778,0,39,0,0,11,9,327120,1,40,2,31,2,4,0,5
779,0,39,0,0,11,9,327120,1,40,2,31,2,4,0,5
780,0,39,0,0,11,9,327120,1,40,2,31,2,4,0,5
781,1,32,0,0,7,12,123253,1,42,2,38,2,4,0,3
782,0,39,0,0,11,9,327120,1,40,2,31,2,4,0,5
783,0,39,0,0,11,9,327120,1,40,2,31,2,4,0,5
784,0,39,0,0,11,9,327120,1,40,2,31,2,4,0,5
785,0,39,0,0,11,9,327120,1,40,2,31,2,4,0,5
786,0,39,0,0,11,9,327120,1,40,2,31,2,4,0,5
787,0,39,0,0,11,9,327120,1,40,2,31,2,4,0,5
788,1,32,0,0,7,12,123253,1,42,2,38,2,4,0,3
789,0,39,0,0,11,9,327120,1,40,2,31,2,4,0,5
790,0,39,0,0,11,9,327120,1,40,2,31,2,4,0,5
791,0,39,0,0,11,9,327120,1,40,2,31,2,4,0,5
792,0,39,0,0,11,9,327120,1,40,2,31,2,4,0,5
793,0,39,0,0,11,9,327120,1,40,2,31,2,4,0,5
794,0,39,0,0,11,9,327120,1,40,2,31,2,4,0,5
795,1,32,0,0,7,12,123253,1,42,2,38,2,4,0,3
796,0,39,0,0,11,9,327120,1,40,2,31,2,4,0,5
797,0,39,0,0,11,9,327120,1,40,2,31,2,4,0,5
798,0,39,0,0,11,9,327120,1,40,2,31,2,4,0,5
799,1,32,0,0,7,12,123253,1,42,2,38,2,4,0,3
800,0,39,0,0,11,9,327120,1,40,2,31,2,4,0,5
801,1,32,0,0,7,12,123253,1,42,2,38,2,4,0,3
802,0,39,0,0,11,9,327120,1,40,2,31,2,4,0,5
803,0,39,0,0,11,9,327120,1,40,2,31,2,4,0,5
804,0,39,0,0,11,9,327120,1,40,2,31,2,4,0,5
805,0,39,0,0,11,9,327120,1,40,2,31,2,4,0,5
806,0,39,0,0,11,9,327120,1,40,2,31,2,4,0,5
807,0,39,0,0,11,9,327120,1,40,2,31,2,4,0,5
808,1,32,0,0,7,12,123253,1,42,2,38,2,4,0,3
809,0,39,0,0,11,9,327120,1,40,2,31,2,4,0,5
810,0,39,0,0,11,9,327120,1,40,2,31,2,4,0,5
811,0,39,0,0,11,9,327120,1,40,2,31,2,4,0,5
812,0,39,0,0,11,9,327120,1,40,2,31,2,4,0,5
813,0,39,0,0,11,9,327120,1,40,2,31,2,4,0,5
814,0,39,0,0,11,9,327120,1,40,2,31,2,4,0,5
815,0,39,0,0,11,9,327120,1,40,2,31,2,4,0,5
816,0,39,0,0,11,9,327120,1,40,2,31,2,4,0,5
817,0,39,0,0,11,9,327120,1,40,2,31,2,4,0,5
818,0,39,0,0,11,9,327120,1,40,2,31,2,4,0,5
819,0,39,0,0,11,9,327120,1,40,2,31,2,4,0,5
820,0,39,0,0,11,9,327120,1,40,2,31,2,4,0,5
821,1,32,0,0,7,12,123253,1,42,2,38,2,4,0,3
822,1,32,0,0,7,12,123253,1,42,2,38,2,4,0,3
823,0,39,0,0,11,9,327120,1,40,2,31,2,4,0,5
824,0,39,0,0,11,9,327120,1,40,2,31,2,4,0,5
825,1,32,0,0,7,12,123253,1,42,2,38,2,4,0,3
826,1,32,0,0,7,12,123253,1,42,2,38,2,4,0,3
827,0,39,0,0,11,9,327120,1,40,2,31,2,4,0,5
828,0,39,0,0,11,9,327120,1,40,2,31,2,4,0,5
829,0,39,0,0,11,9,327120,1,40,2,31,2,4,0,5
830,0,39,0,0,11,9,327120,1,40,2,31,2,4,0,5
831,1,32,0,0,7,12,123253,1,42,2,38,2,4,0,3
832,0,39,0,0,11,9,327120,1,40,2,31,2,4,0,5
833,0,39,0,0,11,9,327120,1,40,2,31,2,4,0,5
834,0,39,0,0,11,9,327120,1,40,2,31,2,4,0,5
835,0,39,0,0,11,9,327120,1,40,2,31,2,4,0,5
836,0,39,0,0,11,9,327120,1,40,2,31,2,4,0,5
837,0,39,0,0,11,9,327120,1,40,2,31,2,4,0,5
838,0,39,0,0,11,9,327120,1,40,2,31,2,4,0,5
839,0,39,0,0,11,9,327120,1,40,2,31,2,4,0,5
840,0,39,0,0,11,9,327120,1,40,2,31,2,4,0,5
841,0,39,0,0,11,9,327120,1,40,2,31,2,4,0,5
842,1,32,0,0,7,12,123253,1,42,2,38,2,4,0,3
843,0,39,0,0,11,9,327120,1,40,2,31,2,4,0,5
844,0,39,0,0,11,9,327120,1,40,2,31,2,4,0,5
845,0,39,0,0,11,9,327120,1,40,2,31,2,4,0,5
846,0,39,0,0,11,9,327120,1,40,2,31,2,4,0,5
847,1,32,0,0,7,12,123253,1,42,2,38,2,4,0,3
848,0,39,0,0,11,9,327120,1,40,2,31,2,4,0,5
849,1,32,0,0,7,12,123253,1,42,2,38,2,4,0,3
850,0,39,0,0,11,9,327120,1,40,2,31,2,4,0,5
851,0,39,0,0,11,9,327120,1,40,2,31,2,4,0,5
852,0,39,0,0,11,9,327120,1,40,2,31,2,4,0,5
853,0,39,0,0,11,9,327120,1,40,2,31,2,4,0,5
854,1,32,0,0,7,12,123253,1,42,2,38,2,4,0,3
855,0,39,0,0,11,9,327120,1,40,2,31,2,4,0,5
856,0,39,0,0,11,9,327120,1,40,2,31,2,4,0,5
857,0,39,0,0,11,9,327120,1,40,2,31,2,4,0,5
858,1,32,0,0,7,12,123253,1,42,2,38,2,4,0,3
859,0,39,0,0,11,9,327120,1,40,2,31,2,4,0,5
860,1,32,0,0,7,12,123253,1,42,2,38,2,4,0,3
861,0,39,0,0,11,9,327120,1,40,2,31,2,4,0,5
862,0,39,0,0,11,9,327120,1,40,2,31,2,4,0,5
863,0,39,0,0,11,9,327120,1,40,2,31,2,4,0,5
864,1,32,0,0,7,12,123253,1,42,2,38,2,4,0,3
865,0,39,0,0,11,9,327120,1,40,2,31,2,4,0,5
866,0,39,0,0,11,9,327120,1,40,2,31,2,4,0,5
867,0,39,0,0,11,9,327120,1,40,2,31,2,4,0,5
868,0,39,0,0,11,9,327120,1,40,2,31,2,4,0,5
869,0,39,0,0,11,9,327120,1,40,2,31,2,4,0,5
870,0,39,0,0,11,9,327120,1,40,2,31,2,4,0,5
871,0,39,0,0,11,9,327120,1,40,2,31,2,4,0,5
872,0,39,0,0,11,9,327120,1,40,2,31,2,4,0,5
873,0,39,0,0,11,9,327120,1,40,2,31,2,4,0,5
874,0,39,0,0,11,9,327120,1,40,2,31,2,4,0,5
875,0,39,0,0,11,9,327120,1,40,2,31,2,4,0,5
876,0,39,0,0,11,9,327120,1,40,2,31,2,4,0,5
877,1,32,0,0,7,12,123253,1,42,2,38,2,4,0,3
878,0,39,0,0,11,9,327120,1,40,2,31,2,4,0,5
879,0,39,0,0,11,9,327120,1,40,2,31,2,4,0,5
880,0,39,0,0,11,9,327120,1,40,2,31,2,4,0,5
881,1,32,0,0,7,12,123253,1,42,2,38,2,4,0,3
882,0,39,0,0,11,9,327120,1,40,2,31,2,4,0,5
883,0,39,0,0,11,9,327120,1,40,2,31,2,4,0,5
884,0,39,0,0,11,9,327120,1,40,2,31,2,4,0,5
885,1,32,0,0,7,12,123253,1,42,2,38,2,4,0,3
886,0,39,0,0,11,9,327120,1,40,2,31,2,4,0,5
887,0,39,0,0,11,9,327120,1,40,2,31,2,4,0,5
888,0,39,0,0,11,9,327120,1,40,2,31,2,4,0,5
889,0,39,0,0,11,9,327120,1,40,2,31,2,4,0,5
890,0,39,0,0,11,9,327120,1,40,2,31,2,4,0,5
891,1,32,0,0,7,12,123253,1,42,2,38,2,4,0,3
892,0,39,0,0,11,9,327120,1,40,2,31,2,4,0,5
893,0,39,0,0,11,9,327120,1,40,2,31,2,4,0,5
894,0,39,0,0,11,9,327120,1,40,2,31,2,4,0,5
895,0,39,0,0,11,9,327120,1,40,2,31,2,4,0,5
896,0,39,0,0,11,9,327120,1,40,2,31,2,4,0,5
897,0,39,0,0,11,9,327120,1,40,2,31,2,4,0,5
898,1,32,0,0,7,12,123253,1,42,2,38,2,4,0,3
